City_ID,City,Lat,Lng,Max Temp,Humidity,Cloudiness,Wind Speed,Country,Date
0,Petropavlovsk-Kamchatskiy,53.0452,158.6483,14.59,57,75,15.66,RU,2023-01-19 06:21:16
1,Ylivieska,64.0833,24.55,30.88,89,100,2.71,FI,2023-01-19 06:21:17
2,Bathsheba,13.2167,-59.5167,77.61,78,40,19.57,BB,2023-01-19 06:21:18
3,Champerico,14.3,-91.9167,74.7,73,44,5.95,GT,2023-01-19 06:21:18
4,Ossora,59.2353,163.0719,-2.38,84,100,8.3,RU,2023-01-19 06:21:19
5,Bredasdorp,-34.5322,20.0403,72.82,66,6,9.08,ZA,2023-01-19 06:17:30
6,Port Macquarie,-31.4333,152.9167,72.9,90,98,13.76,AU,2023-01-19 06:21:20
7,Ushuaia,-54.8,-68.3,49.66,81,0,5.75,AR,2023-01-19 06:20:10
8,Avarua,-21.2078,-159.775,77.05,94,40,8.05,CK,2023-01-19 06:21:21
9,Lompoc,34.6391,-120.4579,44.53,92,40,3.44,US,2023-01-19 06:21:21
10,Sao Filipe,14.8961,-24.4956,74.77,63,7,13.62,CV,2023-01-19 06:21:22
11,San Patricio,28.017,-97.5169,66.83,67,53,5.77,US,2023-01-19 06:21:23
12,Atar,20.5169,-13.0499,59.95,43,0,8.79,MR,2023-01-19 06:21:24
13,Castro,-24.7911,-50.0119,61.36,99,100,3.02,BR,2023-01-19 06:21:26
14,Hilo,19.7297,-155.09,72.25,100,100,3.44,US,2023-01-19 06:21:27
15,Torbay,47.6666,-52.7314,38.57,96,100,13.0,CA,2023-01-19 06:21:28
16,Dikson,73.5069,80.5464,-22.49,81,100,4.09,RU,2023-01-19 06:21:29
17,Port Alfred,-33.5906,26.891,81.18,74,96,3.0,ZA,2023-01-19 06:21:30
18,Bethel,41.3712,-73.414,41.49,80,0,1.01,US,2023-01-19 06:21:31
19,Tashtyp,52.7939,89.8983,18.07,90,100,5.68,RU,2023-01-19 06:21:32
20,Rikitea,-23.1203,-134.9692,77.83,69,100,1.21,PF,2023-01-19 06:17:02
21,Arraial Do Cabo,-22.9661,-42.0278,73.4,91,71,13.87,BR,2023-01-19 06:21:35
22,Cape Town,-33.9258,18.4232,73.38,80,40,5.75,ZA,2023-01-19 06:20:01
23,Bambous Virieux,-20.3428,57.7575,82.22,94,75,12.66,MU,2023-01-19 06:21:37
24,Areia Branca,-4.9561,-37.1369,76.86,79,40,10.02,BR,2023-01-19 06:21:38
25,Pangnirtung,66.1451,-65.7125,-18.9,63,5,5.06,CA,2023-01-19 06:21:39
26,Barrow,71.2906,-156.7887,-3.98,77,100,19.57,US,2023-01-19 06:21:40
27,Vaini,-21.2,-175.2,84.36,79,75,5.75,TO,2023-01-19 06:21:41
28,Klaksvik,62.2266,-6.589,38.32,81,100,32.17,FO,2023-01-19 06:21:42
29,Albany,42.6001,-73.9662,38.68,84,99,1.99,US,2023-01-19 06:21:03
30,Hermanus,-34.4187,19.2345,70.81,85,22,8.75,ZA,2023-01-19 06:21:45
31,Saldanha,-33.0117,17.9442,68.05,86,84,5.28,ZA,2023-01-19 06:21:46
32,Chirongui,-12.9319,45.1483,85.93,75,100,14.23,YT,2023-01-19 06:21:47
33,Gonzalez,30.5816,-87.2914,71.44,92,100,12.66,US,2023-01-19 06:20:12
34,Sao Felix Do Xingu,-6.6447,-51.995,69.69,99,100,0.65,BR,2023-01-19 06:21:20
35,Warri,5.5167,5.75,75.78,90,70,2.59,NG,2023-01-19 06:21:50
36,Saskylakh,71.9167,114.0833,-40.34,100,57,2.68,RU,2023-01-19 06:21:51
37,Pangody,65.85,74.4859,-0.11,97,100,5.99,RU,2023-01-19 06:21:52
38,Laredo,27.5064,-99.5075,55.69,47,0,0.0,US,2023-01-19 06:19:20
39,Akureyri,65.6835,-18.0878,24.73,80,100,5.75,IS,2023-01-19 06:21:55
40,Touros,-5.1989,-35.4608,76.55,84,48,8.28,BR,2023-01-19 06:17:47
41,Santa Cruz,-17.8,-63.1667,70.97,94,94,0.4,BO,2023-01-19 06:19:03
42,Georgetown,5.4112,100.3354,91.33,51,20,9.22,MY,2023-01-19 06:21:58
43,Kaitangata,-46.2817,169.8464,65.75,76,14,6.78,NZ,2023-01-19 06:21:59
44,Cockburn Town,21.4612,-71.1419,76.23,64,7,16.62,TC,2023-01-19 06:22:00
45,Aksarka,66.5606,67.7975,-1.17,93,63,3.04,RU,2023-01-19 06:22:01
46,Atuona,-9.8,-139.0333,79.11,77,74,20.92,PF,2023-01-19 06:20:43
47,Hobyo,5.3505,48.5268,79.81,64,84,23.22,SO,2023-01-19 06:23:04
48,Tasiilaq,65.6145,-37.6368,12.36,89,100,6.91,GL,2023-01-19 06:23:05
49,Leningradskiy,69.3833,178.4167,-19.93,97,100,21.54,RU,2023-01-19 06:23:06
50,Tuensang,26.2833,94.8333,67.77,26,0,3.29,IN,2023-01-19 06:23:07
51,Alta Floresta,-9.8756,-56.0861,67.26,99,45,3.36,BR,2023-01-19 06:23:10
52,Luderitz,-26.6481,15.1594,69.57,71,18,7.74,NA,2023-01-19 06:23:12
53,Puerto Ayora,-0.7393,-90.3518,72.55,96,72,5.21,EC,2023-01-19 06:23:14
54,San Cristobal,7.7669,-72.225,63.36,85,19,1.41,VE,2023-01-19 06:23:15
55,Dzhebariki-Khaya,62.2167,135.8,-51.97,97,96,0.51,RU,2023-01-19 06:23:19
56,Tiksi,71.6872,128.8694,-28.59,100,98,2.89,RU,2023-01-19 06:23:21
57,Bagnes,46.0833,7.2167,24.57,86,0,1.14,CH,2023-01-19 06:23:22
58,Mabaruma,8.2,-59.7833,67.91,95,34,1.52,GY,2023-01-19 06:23:24
59,Cap Malheureux,-19.9842,57.6142,82.47,77,96,8.99,MU,2023-01-19 06:23:26
60,Mataura,-46.1927,168.8643,77.58,44,14,3.11,NZ,2023-01-19 06:23:28
61,Bunia,1.5667,30.25,73.72,44,45,1.77,CD,2023-01-19 06:23:29
62,Lorengau,-2.0226,147.2712,83.12,73,83,10.31,PG,2023-01-19 06:23:31
63,Severo-Kurilsk,50.6789,156.125,16.48,62,100,30.0,RU,2023-01-19 06:23:33
64,Wahiawa,21.5028,-158.0236,75.52,80,0,0.0,US,2023-01-19 06:23:35
65,Kavieng,-2.5744,150.7967,84.04,71,62,9.42,PG,2023-01-19 06:23:37
66,Anadyr,64.75,177.4833,-16.1,76,75,8.95,RU,2023-01-19 06:23:40
67,Kapaa,22.0752,-159.319,77.32,85,100,0.0,US,2023-01-19 06:23:41
68,Bengkulu,-3.8004,102.2655,79.88,83,93,6.64,ID,2023-01-19 06:23:42
69,Geraldton,-28.7667,114.6,93.61,33,0,17.27,AU,2023-01-19 06:23:43
70,Victoria,22.2855,114.1577,68.04,61,0,13.0,HK,2023-01-19 06:23:45
71,Busselton,-33.65,115.3333,85.68,33,0,9.53,AU,2023-01-19 06:23:46
72,Narsaq,60.9167,-46.05,28.62,93,100,12.21,GL,2023-01-19 06:23:47
73,Bilma,18.6853,12.9164,58.5,22,23,4.76,NE,2023-01-19 06:23:48
74,Vestmannaeyjar,63.4427,-20.2734,27.37,64,26,7.29,IS,2023-01-19 06:23:50
75,North Bend,43.4065,-124.2243,41.86,99,75,8.05,US,2023-01-19 06:23:51
76,Katobu,-4.9408,122.5276,87.3,59,81,5.35,ID,2023-01-19 06:23:53
77,Nikolskoye,59.7035,30.7861,39.09,97,100,14.16,RU,2023-01-19 06:23:54
78,Vrangel,42.7297,133.0839,30.06,63,78,4.7,RU,2023-01-19 06:23:56
79,Ushtobe,45.2514,77.9838,10.81,77,6,1.23,KZ,2023-01-19 06:23:57
80,Ilulissat,69.2167,-51.1,-31.65,64,0,4.9,GL,2023-01-19 06:23:58
81,Baturaja,-4.1333,104.1667,77.27,87,100,4.94,ID,2023-01-19 06:24:00
82,Jamestown,42.097,-79.2353,36.01,72,100,4.61,US,2023-01-19 06:24:01
83,Hanumangarh,29.5833,74.3167,63.73,19,31,4.34,IN,2023-01-19 06:24:03
84,Bluff,-46.6,168.3333,63.5,79,63,16.08,NZ,2023-01-19 06:24:04
85,Pingtung,22.6714,120.4881,76.73,59,40,10.36,TW,2023-01-19 06:24:06
86,Yellowknife,62.456,-114.3525,23.52,100,100,14.97,CA,2023-01-19 06:24:07
87,Vardo,70.3705,31.1107,35.58,75,75,32.21,NO,2023-01-19 06:24:10
88,Beringovskiy,63.05,179.3167,-24.34,95,43,5.1,RU,2023-01-19 06:24:11
89,Shingu,33.7333,135.9833,52.52,43,1,4.07,JP,2023-01-19 06:20:12
90,Masuguru,-11.3667,38.4167,77.13,88,92,2.53,TZ,2023-01-19 06:24:14
91,Cherskiy,68.75,161.3,-39.03,98,91,2.26,RU,2023-01-19 06:25:16
92,Ahipara,-35.1667,173.1667,69.33,70,12,8.46,NZ,2023-01-19 06:20:28
93,Cranbrook,49.4999,-115.7688,30.04,93,75,0.0,CA,2023-01-19 06:25:19
94,Dunedin,-45.8742,170.5036,69.8,65,13,4.0,NZ,2023-01-19 06:23:21
95,Saint George,37.1041,-113.5841,35.26,73,0,3.0,US,2023-01-19 06:25:22
96,Tambun,-6.2641,107.0712,86.49,70,40,4.61,ID,2023-01-19 06:23:42
97,Buala,-8.145,159.5921,82.36,79,98,9.31,SB,2023-01-19 06:25:28
98,Loandjili,-4.7561,11.8578,78.55,85,99,3.6,CG,2023-01-19 06:25:30
99,Lubao,14.9167,120.55,87.87,57,49,15.55,PH,2023-01-19 06:25:32
100,Airai,-8.9266,125.4092,69.22,78,100,4.59,TL,2023-01-19 06:25:34
101,Bafoulabe,13.8065,-10.8321,70.92,16,1,4.21,ML,2023-01-19 06:25:36
102,Sitka,57.0531,-135.33,37.29,87,100,8.05,US,2023-01-19 06:25:38
103,Vangaindrano,-23.35,47.6,79.93,73,97,8.81,MG,2023-01-19 06:25:39
104,Puerto Escondido,15.85,-97.0667,74.82,81,21,4.56,MX,2023-01-19 06:25:41
105,Liverpool,53.4106,-2.9779,35.1,93,75,3.44,GB,2023-01-19 06:23:18
106,Riyadh,24.6877,46.7219,51.94,51,93,9.35,SA,2023-01-19 06:25:18
107,Rapina,58.0981,27.4636,36.34,96,100,16.24,EE,2023-01-19 06:25:46
108,Chokurdakh,70.6333,147.9167,-36.9,100,39,4.74,RU,2023-01-19 06:25:47
109,Caravelas,-17.7125,-39.2481,73.11,92,8,3.38,BR,2023-01-19 06:25:49
110,La Ronge,55.1001,-105.2842,17.85,93,100,6.91,CA,2023-01-19 06:25:50
111,Impfondo,1.6381,18.0667,76.01,41,95,1.16,CG,2023-01-19 06:25:52
112,Kilindoni,-7.9139,39.6668,79.18,83,100,8.23,TZ,2023-01-19 06:25:53
113,Ibra,22.6906,58.5334,69.3,60,49,6.11,OM,2023-01-19 06:25:55
114,Hobart,-42.8794,147.3294,63.05,53,75,13.8,AU,2023-01-19 06:25:05
115,Saint-Georges,12.0564,-61.7485,75.65,80,8,14.83,GD,2023-01-19 06:25:08
116,Port Elizabeth,-33.918,25.5701,76.1,92,100,13.8,ZA,2023-01-19 06:25:52
117,Sakakah,29.9697,40.2064,49.57,56,0,2.48,SA,2023-01-19 06:26:01
118,Codrington,-38.2667,141.9667,62.49,50,41,15.79,AU,2023-01-19 06:26:03
119,Nome,64.5011,-165.4064,-11.13,65,0,9.22,US,2023-01-19 06:26:05
120,Vila Velha,-20.3297,-40.2925,71.55,94,75,2.3,BR,2023-01-19 06:22:59
121,Palmer,42.1584,-72.3287,41.14,74,100,8.05,US,2023-01-19 06:26:09
122,Seoul,37.5683,126.9778,40.6,44,0,10.36,KR,2023-01-19 06:26:11
123,Wanning,18.8003,110.3967,67.44,69,97,12.75,CN,2023-01-19 06:26:13
124,Tuktoyaktuk,69.4541,-133.0374,5.0,85,100,12.66,CA,2023-01-19 06:26:15
125,Saint-Leu,-21.15,55.2833,84.96,100,98,4.07,RE,2023-01-19 06:26:18
126,Punta Arenas,-53.15,-70.9167,51.91,82,0,12.66,CL,2023-01-19 06:22:46
127,Kargasok,59.0556,80.8572,8.64,93,98,11.88,RU,2023-01-19 06:26:24
128,Marsa Matruh,31.3525,27.2453,52.0,93,0,8.05,EG,2023-01-19 06:26:26
129,Korla,41.7597,86.1469,13.57,71,6,4.5,CN,2023-01-19 06:26:28
130,Nenton,15.8,-91.75,63.82,57,51,4.38,GT,2023-01-19 06:26:30
131,Mount Gambier,-37.8333,140.7667,63.66,45,6,12.93,AU,2023-01-19 06:26:32
132,Adrar,20.5022,-10.0711,56.79,43,95,8.23,MR,2023-01-19 06:26:34
133,Hamilton,39.1834,-84.5333,49.05,94,100,12.66,US,2023-01-19 06:26:35
134,Saint-Ambroise,48.5501,-71.3324,28.94,89,96,9.73,CA,2023-01-19 06:26:37
135,Butaritari,3.0707,172.7902,80.94,82,98,16.67,KI,2023-01-19 06:26:39
136,Orbetello,42.4408,11.2196,37.42,74,37,1.05,IT,2023-01-19 06:26:41
137,Khatanga,71.9667,102.5,-32.33,99,16,7.05,RU,2023-01-19 06:26:43
138,Pemangkat,1.1667,108.9667,81.81,75,94,8.46,ID,2023-01-19 06:27:44
139,Sawtell,-30.3833,153.1,73.18,88,75,13.8,AU,2023-01-19 06:27:45
140,Hede,33.7681,120.2517,49.14,33,8,15.3,CN,2023-01-19 06:27:46
141,Tual,-5.6667,132.75,82.94,74,100,19.22,ID,2023-01-19 06:27:47
142,Clyde River,70.4692,-68.5914,-19.97,69,100,4.61,CA,2023-01-19 06:27:49
143,Nanortalik,60.1432,-45.2371,28.78,83,100,16.04,GL,2023-01-19 06:27:50
144,Fukue,32.6881,128.8419,46.76,66,75,10.36,JP,2023-01-19 06:27:51
145,Kununurra,-15.7667,128.7333,93.18,62,40,4.61,AU,2023-01-19 06:25:10
146,Colesberg,-30.72,25.0972,75.72,46,76,10.45,ZA,2023-01-19 06:27:53
147,Lanigan,51.8501,-105.0344,19.29,99,92,4.88,CA,2023-01-19 06:25:55
148,Manacapuru,-3.2997,-60.6206,72.63,96,96,5.28,BR,2023-01-19 06:27:34
149,Broome,42.2506,-75.833,38.01,89,100,8.05,US,2023-01-19 06:27:56
150,Batagay,67.6333,134.6333,-51.88,100,97,1.16,RU,2023-01-19 06:27:56
151,Naranjos,21.35,-97.6833,71.49,69,80,5.3,MX,2023-01-19 06:27:57
152,Qaanaaq,77.484,-69.3632,-19.97,92,100,6.31,GL,2023-01-19 06:27:58
153,Inhambane,-23.865,35.3833,85.98,70,40,3.44,MZ,2023-01-19 06:28:00
154,Carnarvon,-24.8667,113.6333,84.0,66,2,17.85,AU,2023-01-19 06:28:01
155,Ponta Do Sol,32.6667,-17.1,59.72,70,53,9.73,PT,2023-01-19 06:28:02
156,Itaquyry,-24.9333,-55.2167,72.68,82,1,1.88,PY,2023-01-19 06:28:03
157,Norman Wells,65.282,-126.8329,-3.96,84,75,4.61,CA,2023-01-19 06:28:04
158,Lamar,33.6668,-95.5836,53.89,44,0,9.22,US,2023-01-19 06:28:05
159,Taoudenni,22.6783,-3.9836,60.87,35,100,6.49,ML,2023-01-19 06:28:06
160,Muros,42.7762,-9.0603,44.69,71,82,15.3,ES,2023-01-19 06:28:07
161,Bahia Honda,22.9036,-83.1592,69.37,89,54,5.64,CU,2023-01-19 06:28:07
162,Esperance,-33.8667,121.9,71.65,52,96,21.83,AU,2023-01-19 06:28:08
163,Vanimo,-2.6741,141.3028,80.49,77,99,9.71,PG,2023-01-19 06:28:09
164,Iqaluit,63.7506,-68.5145,-18.31,75,0,10.36,CA,2023-01-19 06:28:11
165,Sivaki,52.6333,126.75,-17.59,88,100,10.58,RU,2023-01-19 06:28:12
166,Venustiano Carranza,19.43,-99.0992,59.14,45,75,3.44,MX,2023-01-19 06:28:13
167,Maniitsoq,65.4167,-52.9,13.19,63,100,10.83,GL,2023-01-19 06:28:14
168,Donskoye,45.4552,41.9741,33.93,79,26,12.62,RU,2023-01-19 06:28:15
169,Lebu,-37.6167,-73.65,55.09,89,23,6.04,CL,2023-01-19 06:28:16
170,Souillac,-20.5167,57.5167,80.98,94,75,12.66,MU,2023-01-19 06:28:18
171,La Plata,-34.9215,-57.9545,76.03,64,90,13.91,AR,2023-01-19 06:28:19
172,Namibe,-15.1961,12.1522,74.5,72,100,2.98,AO,2023-01-19 06:28:20
173,Sur,22.5667,59.5289,72.61,65,87,17.13,OM,2023-01-19 06:28:21
174,Mporokoso,-9.3727,30.125,62.71,93,100,1.66,ZM,2023-01-19 06:28:22
175,Wanxian,30.8039,108.3897,51.76,53,12,1.28,CN,2023-01-19 06:28:23
176,Guerrero Negro,27.9769,-114.0611,57.79,62,99,6.06,MX,2023-01-19 06:28:24
177,Dovers,12.8833,-61.1833,78.03,73,2,19.17,VC,2023-01-19 06:28:26
178,Kruisfontein,-34.0033,24.7314,74.88,80,77,11.79,ZA,2023-01-19 06:28:27
179,Oda,35.1833,132.5,41.77,73,100,8.63,JP,2023-01-19 06:28:28
180,Pontian Kecil,1.4801,103.3899,87.03,74,97,10.09,MY,2023-01-19 06:28:29
181,Rosarito,32.3333,-117.0333,51.12,66,100,3.53,MX,2023-01-19 06:28:30
182,Turukhansk,65.8167,87.9833,-16.15,82,100,6.69,RU,2023-01-19 06:28:31
183,Conceicao Da Barra,-18.5933,-39.7322,72.68,92,13,2.53,BR,2023-01-19 06:28:32
184,New Norfolk,-42.7826,147.0587,62.71,42,44,6.8,AU,2023-01-19 06:28:33
185,Kharp,66.8014,65.8081,7.99,88,10,10.07,RU,2023-01-19 06:28:34
186,Samana,19.2056,-69.3369,70.86,71,14,3.76,DO,2023-01-19 06:29:36
187,Grindavik,63.8424,-22.4338,19.87,68,0,9.22,IS,2023-01-19 06:29:37
188,Urumqi,43.801,87.6005,-4.85,84,40,2.24,CN,2023-01-19 06:29:38
189,Xining,36.6167,101.7667,21.47,30,0,2.66,CN,2023-01-19 06:29:39
190,Laguna,38.421,-121.4238,50.09,89,100,17.27,US,2023-01-19 06:29:41
191,Bareli,28.35,79.4167,63.34,37,57,3.24,IN,2023-01-19 06:29:42
192,Itoman,26.1247,127.6694,65.17,58,20,14.97,JP,2023-01-19 06:29:44
193,Lufilufi,-13.8745,-171.5986,80.38,79,69,21.34,WS,2023-01-19 06:29:46
194,College,64.8569,-147.8028,-14.85,77,0,0.0,US,2023-01-19 06:29:37
195,Dumas,35.8656,-101.9732,32.14,64,0,14.97,US,2023-01-19 06:29:49
196,Morondava,-20.2833,44.2833,84.92,48,98,13.58,MG,2023-01-19 06:29:51
197,Milyutinskaya,48.6279,41.6679,27.48,94,69,12.82,RU,2023-01-19 06:29:52
198,Coihaique,-45.5752,-72.0662,57.15,72,0,6.91,CL,2023-01-19 06:29:54
199,Ancud,-41.8697,-73.8203,54.48,88,25,0.87,CL,2023-01-19 06:29:55
200,Bubaque,11.2833,-15.8333,77.27,65,2,8.66,GW,2023-01-19 06:29:57
201,General Teran,25.2667,-99.6833,65.25,39,83,5.66,MX,2023-01-19 06:29:58
202,Lebanon,36.2081,-86.2911,69.67,80,100,20.71,US,2023-01-19 06:29:39
203,Flinders,-34.5833,150.8552,71.38,68,100,7.0,AU,2023-01-19 06:30:03
204,Virginia Beach,36.8529,-75.978,51.84,74,100,5.75,US,2023-01-19 06:29:30
205,Pisco,-13.7,-76.2167,71.65,78,0,8.05,PE,2023-01-19 06:30:08
206,Ribeira Grande,38.5167,-28.7,53.78,84,0,3.0,PT,2023-01-19 06:30:10
207,Nyurba,63.2842,118.3319,-56.88,99,75,2.95,RU,2023-01-19 06:30:11
208,Alugan,12.2188,125.4808,80.17,87,24,12.26,PH,2023-01-19 06:30:13
209,Galesong,-5.3166,119.3661,78.82,70,100,10.38,ID,2023-01-19 06:30:15
210,Sao Joao Da Barra,-21.6403,-41.0511,73.6,90,84,7.09,BR,2023-01-19 06:30:19
211,Susanville,40.4163,-120.653,33.12,95,100,4.0,US,2023-01-19 06:30:22
212,Tuim,54.3417,89.9261,15.37,71,100,6.2,RU,2023-01-19 06:30:29
213,Upernavik,72.7868,-56.1549,-13.74,89,100,4.12,GL,2023-01-19 06:30:32
214,Quelimane,-17.8786,36.8883,82.35,89,75,4.61,MZ,2023-01-19 06:30:35
215,Talnakh,69.4865,88.3972,-28.88,77,15,2.75,RU,2023-01-19 06:30:37
216,Rio Cuarto,-33.1307,-64.3499,71.47,83,0,4.61,AR,2023-01-19 06:30:39
217,Zaraza,9.3503,-65.3245,70.47,89,1,3.78,VE,2023-01-19 06:30:40
218,Tilichiki,60.4667,166.1,-18.24,87,100,9.44,RU,2023-01-19 06:30:42
219,Carutapera,-1.195,-46.02,73.17,94,100,2.75,BR,2023-01-19 06:30:44
220,Chuy,-33.6971,-53.4616,71.91,69,100,10.71,UY,2023-01-19 06:30:46
221,Totness,5.8833,-56.3167,73.8,88,65,8.08,SR,2023-01-19 06:30:47
222,Tommot,58.9564,126.2925,-45.56,96,100,1.72,RU,2023-01-19 06:30:49
223,Provideniya,64.3833,-173.3,-21.42,90,37,6.31,RU,2023-01-19 06:30:50
224,Bilibino,68.0546,166.4372,-33.32,99,100,3.15,RU,2023-01-19 06:30:53
225,Paso De Los Toros,-32.8167,-56.5167,70.86,76,100,13.98,UY,2023-01-19 06:30:56
226,Belyy Yar,53.6039,91.3903,11.86,77,40,2.24,RU,2023-01-19 06:30:57
227,Saint-Philippe,-21.3585,55.7679,76.59,86,100,15.37,RE,2023-01-19 06:30:59
228,Alekseyevka,50.6309,38.6903,35.26,87,99,15.12,RU,2023-01-19 06:31:01
229,Hofn,64.2539,-15.2082,26.31,66,9,18.72,IS,2023-01-19 06:31:02
230,Taltal,-25.4,-70.4833,65.68,82,56,2.17,CL,2023-01-19 06:31:04
231,Westport,41.1415,-73.3579,42.75,79,0,4.61,US,2023-01-19 06:32:06
232,Buchanan,5.8808,-10.0467,75.94,92,69,5.01,LR,2023-01-19 06:32:07
233,Manokwari,-0.8667,134.0833,82.53,72,100,8.61,ID,2023-01-19 06:32:09
234,Mar Del Plata,-38.0023,-57.5575,74.08,91,75,13.0,AR,2023-01-19 06:32:11
235,Chardara,41.2547,67.9692,22.86,70,100,2.06,KZ,2023-01-19 06:32:13
236,Kudahuvadhoo,2.6708,72.8944,80.73,77,8,10.6,MV,2023-01-19 06:32:15
237,Alihe,50.5667,123.7167,-6.07,80,100,4.88,CN,2023-01-19 06:32:17
238,Uray,60.1247,64.7758,14.76,91,90,4.47,RU,2023-01-19 06:32:19
239,Portobelo,9.55,-79.65,75.11,82,29,4.79,PA,2023-01-19 06:32:20
240,Hithadhoo,-0.6,73.0833,81.59,75,9,8.93,MV,2023-01-19 06:32:22
241,Viedma,-40.8135,-62.9967,69.42,77,0,9.84,AR,2023-01-19 06:32:23
242,Tuy Hoa,13.0833,109.3,72.9,81,100,17.02,VN,2023-01-19 06:32:24
243,Strezhevoy,60.7333,77.5889,4.33,96,96,9.26,RU,2023-01-19 06:32:26
244,Opuwo,-18.0607,13.84,66.7,86,100,1.59,NA,2023-01-19 06:32:27
245,Okhotsk,59.3833,143.3,-13.58,81,100,11.14,RU,2023-01-19 06:32:17
246,Ilam,26.9167,87.9167,58.08,52,66,6.44,NP,2023-01-19 06:32:31
247,Egvekinot,66.3167,-179.1667,-22.36,97,100,3.06,RU,2023-01-19 06:32:32
248,Novovarshavka,54.1721,74.6946,12.13,94,31,8.28,RU,2023-01-19 06:32:34
249,Gueret,46.1667,1.8667,25.9,98,80,3.22,FR,2023-01-19 06:32:35
250,Mahebourg,-20.4081,57.7,83.25,94,75,12.66,MU,2023-01-19 06:32:36
251,Yershov,51.3513,48.2766,17.73,79,5,9.93,RU,2023-01-19 06:32:38
252,Athabasca,54.7169,-113.2854,16.21,95,100,2.73,CA,2023-01-19 06:32:39
253,Weatherford,32.7593,-97.7972,57.22,30,0,4.0,US,2023-01-19 06:30:58
254,Mbandaka,0.0487,18.2603,79.63,58,59,2.64,CD,2023-01-19 06:32:42
255,Fortuna Foothills,32.6578,-114.4119,46.49,56,0,0.0,US,2023-01-19 06:32:43
256,Tuatapere,-46.1333,167.6833,67.78,64,41,6.02,NZ,2023-01-19 06:29:37
257,Riberalta,-10.9833,-66.1,70.12,99,100,2.04,BO,2023-01-19 06:32:45
258,Meulaboh,4.1363,96.1285,83.19,61,34,7.18,ID,2023-01-19 06:32:47
259,Portland,45.5234,-122.6762,41.74,94,75,11.01,US,2023-01-19 06:30:00
260,San Juan,-31.5375,-68.5364,81.81,48,90,8.05,AR,2023-01-19 06:30:32
261,Trindade,-16.6494,-49.4889,67.75,91,55,1.3,BR,2023-01-19 06:32:50
262,Marawi,7.9986,124.2928,73.71,92,72,4.27,PH,2023-01-19 06:32:51
263,Maykor,59.0059,55.88,9.86,94,42,5.75,RU,2023-01-19 06:32:53
264,Porto Velho,-8.7619,-63.9039,75.25,94,0,3.44,BR,2023-01-19 06:32:54
265,Cidreira,-30.1811,-50.2056,73.35,90,98,10.51,BR,2023-01-19 06:32:55
266,Ryotsu,38.0833,138.4333,42.84,60,10,8.9,JP,2023-01-19 06:32:57
267,La Palma,33.8464,-118.0467,53.87,83,75,0.0,US,2023-01-19 06:32:58
268,Helmsdale,58.1168,-3.6517,31.95,88,100,28.27,GB,2023-01-19 06:32:59
269,Constitucion,-35.3333,-72.4167,55.36,91,45,1.19,CL,2023-01-19 06:33:02
270,Ballina,-28.8667,153.5667,84.78,69,0,11.9,AU,2023-01-19 06:33:06
271,Half Moon Bay,37.4636,-122.4286,54.0,89,100,9.22,US,2023-01-19 06:30:40
272,Kemijarvi,66.7131,27.4306,27.93,91,100,4.21,FI,2023-01-19 06:33:09
273,Anisoc,1.8658,10.7689,72.21,93,96,2.44,GQ,2023-01-19 06:34:11
274,Havoysund,70.9963,24.6622,34.03,75,100,29.17,NO,2023-01-19 06:34:12
275,Petatlan,17.5167,-101.2667,67.37,84,97,3.62,MX,2023-01-19 06:34:13
276,Harindanga,22.0383,88.3214,78.15,29,0,8.14,IN,2023-01-19 06:34:14
277,Bereda,43.2686,-7.5406,41.41,100,100,7.36,ES,2023-01-19 06:34:16
278,Gat,31.61,34.7642,62.4,18,0,2.28,IL,2023-01-19 06:34:17
279,Brae,60.3964,-1.353,38.8,73,71,12.01,GB,2023-01-19 06:34:19
280,Takoradi,4.8845,-1.7554,79.11,84,99,1.48,GH,2023-01-19 06:34:21
281,Yulara,-25.2406,130.9889,94.32,24,6,10.74,AU,2023-01-19 06:34:22
282,Fortuna,40.5982,-124.1573,40.35,97,75,6.91,US,2023-01-19 06:34:24
283,Aksu,41.1231,80.2644,14.94,61,0,3.0,CN,2023-01-19 06:34:26
284,Solnechnyy,50.7214,136.6319,-12.26,96,100,5.03,RU,2023-01-19 06:34:27
285,Cabo San Lucas,22.8909,-109.9124,61.61,68,100,3.27,MX,2023-01-19 06:33:24
286,Yangliuqing,39.1375,116.9997,39.15,18,5,21.65,CN,2023-01-19 06:34:30
287,Pustoshka,56.3355,29.369,34.32,87,100,16.87,RU,2023-01-19 06:33:11
288,Lavrentiya,65.5833,-171.0,-20.36,90,100,7.52,RU,2023-01-19 06:34:32
289,Pevek,69.7008,170.3133,-24.72,98,100,12.82,RU,2023-01-19 06:34:33
290,Faanui,-16.4833,-151.75,81.61,70,6,17.54,PF,2023-01-19 06:34:35
291,Warren,39.4334,-84.1666,47.17,88,100,12.66,US,2023-01-19 06:34:36
292,Hirara,24.8,125.2833,66.47,63,75,14.97,JP,2023-01-19 06:34:38
293,Talaya,61.3833,152.75,-27.72,98,100,6.06,RU,2023-01-19 06:34:39
294,San Quintin,30.4833,-115.95,54.39,68,98,5.19,MX,2023-01-19 06:34:41
295,Swansea,51.6208,-3.9432,38.08,93,100,3.83,GB,2023-01-19 06:34:42
296,Fort Nelson,58.8053,-122.7002,6.39,93,75,6.91,CA,2023-01-19 06:34:44
297,Luba,3.4568,8.5547,80.15,79,100,1.52,GQ,2023-01-19 06:34:45
298,Rio Gallegos,-51.6226,-69.2181,55.45,76,0,2.3,AR,2023-01-19 06:30:44
299,Karatau,43.1667,70.4667,18.21,80,4,2.84,KZ,2023-01-19 06:34:47
300,Lafia,8.4833,8.5167,76.3,24,100,1.9,NG,2023-01-19 06:34:48
301,Dzerzhinsk,56.2389,43.4631,22.82,50,0,15.66,RU,2023-01-19 06:34:49
302,Tambopata,-12.7333,-69.1833,70.86,100,100,1.7,PE,2023-01-19 06:34:51
303,Tokur,53.1333,132.9,-22.11,93,100,4.61,RU,2023-01-19 06:34:52
304,Tenenkou,14.4572,-4.9169,66.61,16,0,8.25,ML,2023-01-19 06:34:54
305,East London,-33.0153,27.9116,81.54,74,0,6.91,ZA,2023-01-19 06:31:02
306,Alot,23.7667,75.55,71.89,22,4,9.44,IN,2023-01-19 06:34:56
307,Kodiak,57.79,-152.4072,35.11,80,100,16.11,US,2023-01-19 06:34:58
308,Huicungo,-7.2833,-76.8,69.76,99,100,1.1,PE,2023-01-19 06:34:59
309,Chifeng,42.2683,118.9636,18.99,30,8,22.37,CN,2023-01-19 06:35:00
310,Dolinsk,47.35,142.8,5.97,88,100,5.66,RU,2023-01-19 06:32:12
311,Teluk Nibung,3.001,99.8164,83.39,68,84,5.32,ID,2023-01-19 06:35:03
312,Inyonga,-6.7167,32.0667,68.25,85,94,6.11,TZ,2023-01-19 06:35:04
313,Ludenscheid,51.2167,7.6167,31.48,94,100,4.0,DE,2023-01-19 06:35:06
314,Sampit,-2.5333,112.95,83.44,71,100,3.94,ID,2023-01-19 06:35:08
315,Lodja,-3.4833,23.4333,73.89,90,99,2.68,CD,2023-01-19 06:35:09
316,Khandagayty,50.7333,92.05,1.45,98,100,3.06,RU,2023-01-19 06:35:11
317,Los Llanos De Aridane,28.6585,-17.9182,58.12,76,75,12.66,ES,2023-01-19 06:35:12
318,Port Blair,11.6667,92.75,82.44,69,75,11.5,IN,2023-01-19 06:35:13
319,Reconquista,-29.15,-59.65,78.73,53,0,5.32,AR,2023-01-19 06:35:01
320,Vila Franca Do Campo,37.7167,-25.4333,46.81,82,0,3.06,PT,2023-01-19 06:36:15
321,Skoghall,59.3232,13.4655,32.56,100,100,10.36,SE,2023-01-19 06:36:16
322,Chadan,51.2833,91.5833,6.1,89,100,2.04,RU,2023-01-19 06:36:17
323,Aransas Pass,27.9095,-97.15,66.97,93,0,5.75,US,2023-01-19 06:36:18
324,Rabat,33.9911,-6.8401,49.05,100,40,3.44,MA,2023-01-19 06:36:20
325,Shieli,44.1667,66.75,28.15,44,10,5.57,KZ,2023-01-19 06:36:21
326,Sisimiut,66.9395,-53.6735,-5.35,66,10,12.24,GL,2023-01-19 06:36:22
327,Marsh Harbour,26.5412,-77.0636,72.63,65,85,11.07,BS,2023-01-19 06:36:23
328,Banjar,-8.19,114.9675,82.89,80,100,2.77,ID,2023-01-19 06:36:24
329,San Policarpo,12.1791,125.5072,80.19,87,3,11.23,PH,2023-01-19 06:36:25
330,Lata,40.1629,-8.3327,39.07,87,100,2.44,PT,2023-01-19 06:36:26
331,Omboue,-1.5746,9.2618,78.42,85,100,2.86,GA,2023-01-19 06:36:27
332,Kavaratti,10.5669,72.642,80.96,69,20,10.18,IN,2023-01-19 06:36:29
333,Thompson,55.7435,-97.8558,6.96,85,20,4.61,CA,2023-01-19 06:36:30
334,Kuah,6.3265,99.8432,87.78,58,20,8.05,MY,2023-01-19 06:36:31
335,Tamiahua,21.2667,-97.45,71.74,70,27,8.12,MX,2023-01-19 06:36:32
336,Tinsukia,27.5,95.3667,69.66,37,0,0.98,IN,2023-01-19 06:36:33
337,Ruyigi,-3.45,30.3167,67.62,73,37,1.5,BI,2023-01-19 06:36:34
338,New Bohol,7.5233,125.8363,89.37,77,24,3.67,PH,2023-01-19 06:36:36
339,Ponta Delgada,37.7333,-25.6667,47.12,87,20,5.75,PT,2023-01-19 06:36:38
340,Rawson,-43.3002,-65.1023,70.29,72,97,8.28,AR,2023-01-19 06:36:39
341,Raudeberg,61.9875,5.1352,34.86,72,93,9.73,NO,2023-01-19 06:36:40
342,Nuuk,64.1835,-51.7216,16.93,92,100,12.01,GL,2023-01-19 06:36:17
343,Kitimat,54.0524,-128.6534,35.98,29,100,4.21,CA,2023-01-19 06:36:42
344,Fare,-16.7,-151.0167,81.73,69,5,16.58,PF,2023-01-19 06:36:43
345,Inta,66.0317,60.1659,21.99,94,100,6.04,RU,2023-01-19 06:36:44
346,Barda,40.3744,47.1267,34.88,63,0,1.57,AZ,2023-01-19 06:36:45
347,Shenjiamen,29.9576,122.298,46.62,41,5,9.75,CN,2023-01-19 06:34:55
348,Chapleau,47.8405,-83.4034,3.36,100,100,7.65,CA,2023-01-19 06:36:48
349,Chakradharpur,22.7,85.6333,79.36,38,0,2.08,IN,2023-01-19 06:36:49
350,Xam Nua,20.4197,104.0439,71.02,49,37,3.4,LA,2023-01-19 06:36:50
351,Waddan,29.1614,16.139,55.47,27,0,4.88,LY,2023-01-19 06:36:51
352,Sorland,67.667,12.6934,35.46,84,100,19.39,NO,2023-01-19 06:36:52
353,Ketchikan,55.3422,-131.6461,37.38,93,75,5.75,US,2023-01-19 06:35:26
354,Labuan,5.2767,115.2417,86.36,74,20,7.0,MY,2023-01-19 06:36:54
355,Bambanglipuro,-7.95,110.2833,82.33,72,84,6.93,ID,2023-01-19 06:36:55
356,Outjo,-20.1167,16.15,73.56,65,100,2.15,NA,2023-01-19 06:36:56
357,Cedar City,37.6775,-113.0619,20.39,73,0,5.75,US,2023-01-19 06:36:57
358,Aden,12.7794,45.0367,77.0,72,25,10.16,YE,2023-01-19 06:36:58
359,Puerto Leguizamo,-0.1934,-74.7819,69.39,88,97,2.42,CO,2023-01-19 06:37:02
360,Sao Jose Da Coroa Grande,-8.8978,-35.1478,75.51,87,34,5.32,BR,2023-01-19 06:37:04
361,Nichinan,31.6,131.3667,53.28,53,41,9.84,JP,2023-01-19 06:37:06
362,Sorong,-0.8833,131.25,77.77,86,100,3.27,ID,2023-01-19 06:37:07
363,Goderich,43.7501,-81.7165,34.12,93,100,5.75,CA,2023-01-19 06:37:08
364,Mount Isa,-20.7333,139.5,96.57,24,40,12.66,AU,2023-01-19 06:38:10
365,Launceston,-41.45,147.1667,74.16,35,40,11.5,AU,2023-01-19 06:38:11
366,Isangel,-19.55,169.2667,80.71,78,75,9.22,VU,2023-01-19 06:38:12
367,Zhigansk,66.7697,123.3711,-38.58,92,99,18.66,RU,2023-01-19 06:38:13
368,Boli,45.7667,130.5167,13.06,83,100,6.55,CN,2023-01-19 06:38:14
369,Coquimbo,-29.9533,-71.3436,62.33,82,100,5.75,CL,2023-01-19 06:38:16
370,Skjervoy,70.0311,20.9714,23.0,65,100,13.2,NO,2023-01-19 06:38:18
371,Sehithwa,-20.4667,22.7167,80.17,55,71,9.33,BW,2023-01-19 06:38:19
372,Voi,-3.3945,38.563,81.27,55,90,8.1,KE,2023-01-19 06:38:20
373,Udimskiy,61.1417,45.9144,21.0,90,97,12.15,RU,2023-01-19 06:38:22
374,Chapais,49.7834,-74.8492,17.38,97,100,6.64,CA,2023-01-19 06:38:24
375,Hazorasp,41.3194,61.0742,24.64,43,93,2.44,UZ,2023-01-19 06:38:25
376,Grosse Ile,42.1292,-83.1444,38.05,93,100,10.36,US,2023-01-19 06:38:27
377,Karpogory,64.0019,44.4451,30.18,89,100,12.46,RU,2023-01-19 06:38:28
378,Aguadilla,18.4275,-67.1541,71.46,84,0,4.0,PR,2023-01-19 06:38:29
379,Kutum,14.2,24.6667,65.01,17,39,4.94,SD,2023-01-19 06:38:30
380,Vostok,46.4856,135.8833,12.96,96,100,1.7,RU,2023-01-19 06:38:31
381,Richards Bay,-28.783,32.0377,89.74,50,88,10.25,ZA,2023-01-19 06:38:34
382,Kahului,20.8947,-156.47,76.84,67,0,6.91,US,2023-01-19 06:38:35
383,Te Anau,-45.4167,167.7167,70.29,45,97,6.58,NZ,2023-01-19 06:38:36
384,Xuddur,4.1213,43.8894,81.3,40,93,22.08,SO,2023-01-19 06:38:37
385,Kasongo-Lunda,-6.4667,16.8167,72.57,93,94,0.96,CD,2023-01-19 06:38:39
386,Starosubkhangulovo,53.1031,57.4423,20.1,69,2,1.34,RU,2023-01-19 06:38:40
387,Blagoyevo,63.3667,47.9167,25.47,85,100,11.16,RU,2023-01-19 06:38:42
388,Caconda,-13.7333,15.0667,62.8,76,95,1.86,AO,2023-01-19 06:38:44
389,Boa Vista,2.8197,-60.6733,75.18,78,40,13.8,BR,2023-01-19 06:38:46
390,Havelock,34.8791,-76.9013,55.35,92,0,0.0,US,2023-01-19 06:38:47
391,Udachnyy,66.4167,112.4,-56.42,100,55,1.14,RU,2023-01-19 06:34:46
392,Joura,26.3411,77.8115,65.89,27,83,4.0,IN,2023-01-19 06:38:50
393,Nagar Karnul,16.4821,78.3247,82.58,24,5,6.26,IN,2023-01-19 06:38:52
394,Guadalupe,25.6833,-100.25,68.22,57,0,4.61,MX,2023-01-19 06:38:54
395,Teguldet,57.3064,88.1667,8.55,92,100,7.0,RU,2023-01-19 06:38:55
396,Sinop,41.7711,34.8709,37.83,60,11,11.52,TR,2023-01-19 06:37:01
397,Talalayivka,50.9578,31.9209,40.12,98,100,9.51,UA,2023-01-19 06:39:00
398,Sal Rei,16.1833,-22.9167,71.74,73,3,23.24,CV,2023-01-19 06:39:01
399,Huarmey,-10.0681,-78.1522,70.18,78,100,5.01,PE,2023-01-19 06:39:04
400,Sechura,-5.5569,-80.8222,69.53,79,100,4.9,PE,2023-01-19 06:39:07
401,Manica,49.0,-1.1667,32.92,95,100,3.62,FR,2023-01-19 06:39:09
402,San Jacinto,33.7839,-116.9586,46.24,78,61,1.01,US,2023-01-19 06:39:12
403,Ampanihy,-24.7,44.75,85.75,41,69,11.34,MG,2023-01-19 06:39:14
404,Camacha,33.0833,-16.3333,56.62,67,75,13.8,PT,2023-01-19 06:39:15
405,Dungarvan,52.0881,-7.6253,38.08,85,100,3.0,IE,2023-01-19 06:39:18
406,Harwich,51.9419,1.2844,30.51,86,83,5.99,GB,2023-01-19 06:39:19
407,Tianpeng,30.9866,103.9393,53.73,32,0,4.92,CN,2023-01-19 06:40:22
408,Havre,49.5833,0.3333,40.77,81,100,9.22,FR,2023-01-19 06:40:24
409,Arlit,18.7369,7.3853,60.31,13,6,1.57,NE,2023-01-19 06:40:28
410,Berlevag,70.8578,29.0864,33.8,74,20,25.32,NO,2023-01-19 06:38:49
411,Sassandra,4.95,-6.0833,76.41,91,64,4.09,CI,2023-01-19 06:40:31
412,Gerash,27.6652,54.1371,48.34,44,0,2.84,IR,2023-01-19 06:40:32
413,Kaeo,-35.1,173.7833,73.33,73,98,6.38,NZ,2023-01-19 06:40:34
414,Aklavik,68.2191,-135.0107,-3.71,99,91,3.2,CA,2023-01-19 06:40:36
415,Usinsk,65.9939,57.5281,19.85,93,100,13.65,RU,2023-01-19 06:40:37
416,Mayor Pablo Lagerenza,-19.9309,-60.7718,73.26,83,68,3.47,PY,2023-01-19 06:40:39
417,Chadiza,-14.0678,32.4392,65.52,94,100,1.66,ZM,2023-01-19 06:40:41
418,Monrovia,6.3005,-10.7969,73.17,93,99,5.57,LR,2023-01-19 06:40:42
419,Tiznit,29.5833,-9.5,49.98,61,0,3.83,MA,2023-01-19 06:40:44
420,Chimbote,-9.0853,-78.5783,68.58,79,100,4.23,PE,2023-01-19 06:40:46
421,Cadiz,36.5,-5.75,37.74,87,0,2.46,ES,2023-01-19 06:40:47
422,Khelyulya,61.7333,30.6833,32.61,99,100,13.73,RU,2023-01-19 06:40:49
423,Chiconcuac,19.55,-98.9,58.96,33,91,3.15,MX,2023-01-19 06:39:23
424,Sikonge,-5.6333,32.7667,68.83,84,79,4.92,TZ,2023-01-19 06:40:52
425,Sonneberg,50.35,11.1667,26.56,92,93,5.14,DE,2023-01-19 06:40:56
426,Ceres,37.5949,-120.9577,51.57,82,100,8.05,US,2023-01-19 06:40:57
427,Moroni,-11.7022,43.2551,82.36,72,49,6.35,KM,2023-01-19 06:40:59
428,Wodonga,-36.1167,146.8833,80.96,81,0,4.85,AU,2023-01-19 06:41:01
429,Plettenberg Bay,-34.0527,23.3716,71.94,83,77,7.83,ZA,2023-01-19 06:41:03
430,Kibaya,-5.3,36.5667,64.53,85,100,0.78,TZ,2023-01-19 06:41:05
431,Merauke,-8.4667,140.3333,81.48,80,100,17.78,ID,2023-01-19 06:40:02
432,Bonavista,48.6499,-53.1147,34.29,100,100,7.96,CA,2023-01-19 06:41:08
433,Tutoia,-2.7619,-42.2744,74.08,91,100,2.51,BR,2023-01-19 06:41:09
434,Priargunsk,50.3691,119.1012,-15.07,86,100,8.88,RU,2023-01-19 06:41:11
435,Salalah,17.0151,54.0924,77.09,38,0,17.27,OM,2023-01-19 06:40:22
436,Kayerkan,69.3497,87.7602,-30.96,80,14,2.62,RU,2023-01-19 06:41:14
437,Cabedelo,-6.9811,-34.8339,75.87,83,84,8.39,BR,2023-01-19 06:41:16
438,Katsuura,35.1333,140.3,46.83,81,100,13.27,JP,2023-01-19 06:41:18
439,Kota Bahru,6.1333,102.2386,88.14,71,20,5.01,MY,2023-01-19 06:41:20
440,Karimpur,23.9667,88.6167,73.38,27,0,7.25,IN,2023-01-19 06:41:22
441,Ombessa,4.603,11.2565,72.55,77,99,1.88,CM,2023-01-19 06:41:25
442,Cortez,37.3489,-108.5859,14.7,87,0,8.05,US,2023-01-19 06:41:27
443,Port Hardy,50.6996,-127.4199,35.78,100,40,0.0,CA,2023-01-19 06:41:29
444,Predivinsk,57.0669,93.4378,4.08,95,100,3.8,RU,2023-01-19 06:41:31
445,Razole,16.4833,81.8333,83.19,52,22,4.74,IN,2023-01-19 06:41:32
446,Sirjan,29.452,55.6814,41.0,58,5,10.54,IR,2023-01-19 06:41:34
447,Nakambala,-15.8324,27.7799,68.0,93,100,4.5,ZM,2023-01-19 06:41:36
448,Marathon,44.9,-89.7668,30.15,90,100,16.11,US,2023-01-19 06:41:38
449,Kyaikto,17.3,97.0167,83.89,45,100,5.1,MM,2023-01-19 06:41:39
450,Uporovo,56.3109,66.2693,16.34,90,100,6.98,RU,2023-01-19 06:41:41
451,Warangal,18.0,79.5833,83.57,39,3,6.76,IN,2023-01-19 06:39:27
452,Ondangwa,-17.9167,15.95,68.23,88,100,7.16,NA,2023-01-19 06:41:45
453,Kalmar,56.6616,16.3616,24.73,100,20,2.3,SE,2023-01-19 06:41:46
454,Petrolina,-9.3986,-40.5008,75.25,73,0,9.22,BR,2023-01-19 06:41:48
455,Alofi,-19.0595,-169.9187,78.69,94,58,2.3,NU,2023-01-19 06:42:49
456,Erzin,36.9559,36.2,57.09,74,10,1.59,TR,2023-01-19 06:42:50
457,Narsipatnam,17.6667,82.6167,87.31,39,1,6.08,IN,2023-01-19 06:42:51
458,Oussouye,12.485,-16.5469,68.18,24,0,7.29,SN,2023-01-19 06:42:52
459,Malitbog,8.5339,124.8831,82.17,80,55,2.55,PH,2023-01-19 06:42:53
460,Makat,47.6469,53.3463,26.26,49,0,10.58,KZ,2023-01-19 06:42:55
461,Hami,42.8,93.45,22.51,38,0,3.56,CN,2023-01-19 06:42:56
462,Nishihara,26.1842,127.7558,64.45,57,20,14.97,JP,2023-01-19 06:42:57
463,Elizabeth City,36.2946,-76.2511,51.82,94,0,0.0,US,2023-01-19 06:41:12
464,Isabela,6.7085,121.9711,86.05,79,59,2.8,PH,2023-01-19 06:43:00
465,Sioux Lookout,50.1001,-91.917,15.87,92,100,3.44,CA,2023-01-19 06:43:02
466,Danielskuil,-28.1887,23.5395,77.61,42,96,6.98,ZA,2023-01-19 06:43:03
467,Malinovoye Ozero,51.6753,79.7825,14.04,90,99,9.01,RU,2023-01-19 06:43:05
468,Thanh Hoa,19.8,105.7667,61.23,66,100,5.17,VN,2023-01-19 06:43:06
469,Wasilla,61.5814,-149.4394,27.93,70,100,5.75,US,2023-01-19 06:39:32
470,Chiredzi,-21.05,31.6667,84.92,46,92,6.91,ZW,2023-01-19 06:43:09
471,Eidfjord,60.4675,7.0719,25.79,94,100,2.98,NO,2023-01-19 06:43:11
472,Cururupu,-1.8283,-44.8683,72.23,97,100,2.73,BR,2023-01-19 06:43:12
473,Olinda,-8.0089,-34.8553,80.33,78,75,4.61,BR,2023-01-19 06:42:35
474,Sao Gabriel Da Cachoeira,-0.1303,-67.0892,69.28,99,95,1.61,BR,2023-01-19 06:43:15
475,Sinnamary,5.3833,-52.95,74.17,90,98,6.24,GF,2023-01-19 06:43:16
476,Piacabucu,-10.4056,-36.4344,76.23,83,53,7.23,BR,2023-01-19 06:43:18
477,Yar-Sale,66.8333,70.8333,2.55,98,98,3.31,RU,2023-01-19 06:43:20
478,Sale,34.0389,-6.8166,49.64,100,40,4.61,MA,2023-01-19 06:43:21
479,Hasaki,35.7333,140.8333,46.29,64,100,11.68,JP,2023-01-19 06:43:22
480,Manbij,36.5281,37.9549,50.76,72,0,3.4,SY,2023-01-19 06:43:26
481,Road Town,18.4167,-64.6167,77.09,76,26,9.93,VG,2023-01-19 06:43:28
482,Doha,25.2867,51.5333,62.58,72,98,11.5,QA,2023-01-19 06:39:21
483,Jiuquan,39.7432,98.5174,21.24,39,0,1.86,CN,2023-01-19 06:43:31
484,Nelson Bay,-32.7167,152.15,67.1,93,100,11.99,AU,2023-01-19 06:43:32
485,Kokopo,-4.352,152.2633,82.8,70,22,13.4,PG,2023-01-19 06:43:34
486,Northam,51.0333,-4.2167,36.61,89,100,3.0,GB,2023-01-19 06:43:35
487,Albury,-36.0833,146.9167,81.01,81,0,5.01,AU,2023-01-19 06:43:36
488,Aranos,-24.1333,19.1167,79.95,45,10,9.53,NA,2023-01-19 06:43:37
489,Iracoubo,5.4802,-53.2011,74.03,90,79,6.67,GF,2023-01-19 06:43:39
490,Sept-Iles,50.2001,-66.3821,32.52,76,100,16.11,CA,2023-01-19 06:43:40
491,Kieta,-6.2167,155.6333,82.92,79,84,10.16,PG,2023-01-19 06:43:41
492,Baghdad,33.3406,44.4009,49.91,100,0,10.36,IQ,2023-01-19 06:41:01
493,Sayyan,15.1718,44.3244,55.22,33,7,4.23,YE,2023-01-19 06:43:44
494,Kiomboi,-4.2667,34.3667,65.43,78,100,0.38,TZ,2023-01-19 06:43:45
495,Hovd,48.0056,91.6419,11.34,51,18,3.56,MN,2023-01-19 06:42:16
496,Gizo,-8.103,156.8419,82.94,79,100,15.32,SB,2023-01-19 06:43:47
497,Homer,59.6425,-151.5483,31.8,88,100,10.0,US,2023-01-19 06:43:49
498,Lasa,46.6166,10.7002,29.28,92,100,7.78,IT,2023-01-19 06:43:50
499,Ixtapa,20.7,-105.2,60.1,79,33,2.95,MX,2023-01-19 06:40:54
500,Saint Anthony,45.0205,-93.218,32.25,86,100,11.5,US,2023-01-19 06:43:11
501,Limon,10.0,-83.0333,71.06,85,10,4.09,CR,2023-01-19 06:44:56
502,Birsk,55.4211,55.5428,5.22,72,87,5.01,RU,2023-01-19 06:44:57
503,Stephenville Crossing,48.5,-58.4318,33.93,100,100,4.61,CA,2023-01-19 06:44:58
504,Hendrina,-26.1588,29.7153,75.45,45,95,4.68,ZA,2023-01-19 06:40:44
505,Castelfiorentino,43.61,10.9692,41.2,91,48,5.77,IT,2023-01-19 06:45:00
506,Urdoma,61.7533,48.5442,20.25,89,100,9.82,RU,2023-01-19 06:45:02
507,Nanakuli,21.3906,-158.1547,78.75,78,0,0.0,US,2023-01-19 06:45:04
508,Angostura,25.3667,-108.1833,55.94,69,0,5.23,MX,2023-01-19 06:45:06
509,Bada,51.392,109.8717,-9.06,82,100,9.84,RU,2023-01-19 06:45:07
510,Oktyabrskiy,54.4815,53.471,8.67,76,0,3.87,RU,2023-01-19 06:41:00
511,Longyearbyen,78.2186,15.6401,21.04,63,0,17.27,SJ,2023-01-19 06:45:10
512,Upington,-28.4478,21.2561,77.38,61,0,8.05,ZA,2023-01-19 06:45:11
513,Tulun,54.5611,100.5792,-9.89,87,100,4.9,RU,2023-01-19 06:45:14
514,Cividale Del Friuli,46.0931,13.4275,42.69,90,100,4.68,IT,2023-01-19 06:45:15
515,Gisborne,-38.6533,178.0042,66.15,93,91,5.61,NZ,2023-01-19 06:45:17
516,Abu Kamal,34.4506,40.9171,55.22,70,0,7.2,SY,2023-01-19 06:45:18
517,Lander,42.833,-108.7307,28.99,70,0,3.44,US,2023-01-19 06:45:20
518,Gilbues,-9.8317,-45.3439,69.17,94,100,4.76,BR,2023-01-19 06:45:21
519,Jieshi,22.8134,115.8257,63.88,57,0,4.79,CN,2023-01-19 06:45:22
520,Saint-Pierre,-21.3393,55.4781,86.58,83,0,4.61,RE,2023-01-19 06:41:24
521,Thinadhoo,0.5333,72.9333,82.04,76,8,13.27,MV,2023-01-19 06:45:25
522,Tonantins,-2.8731,-67.8022,70.83,99,100,2.08,BR,2023-01-19 06:45:26
523,Kindersley,51.4668,-109.1682,17.62,93,100,6.91,CA,2023-01-19 06:45:28
524,Hailey,43.5196,-114.3153,21.06,75,100,9.22,US,2023-01-19 06:45:29
525,Kalabagh,32.965,71.557,59.36,21,10,4.0,PK,2023-01-19 06:45:31
526,Erzurum,40.0,41.5,20.88,59,0,2.98,TR,2023-01-19 06:45:33
527,Barranca,-10.75,-77.7667,69.66,76,100,5.23,PE,2023-01-19 06:45:34
528,Opotiki,-38.0833,177.2833,73.38,87,20,4.59,NZ,2023-01-19 06:45:36
529,Calais,50.9167,1.8333,36.09,83,56,8.59,FR,2023-01-19 06:45:37
530,Paamiut,61.994,-49.6678,28.78,97,100,7.27,GL,2023-01-19 06:45:39
531,Jalu,29.0331,21.5482,54.61,42,0,8.79,LY,2023-01-19 06:45:40
532,Kajiado,-1.8524,36.7768,72.7,37,99,10.8,KE,2023-01-19 06:45:42
533,Nadym,65.5333,72.5167,6.3,94,100,3.67,RU,2023-01-19 06:45:43
534,Melfort,52.8667,-104.6177,15.93,86,55,3.44,CA,2023-01-19 06:45:45
535,Namtsy,62.7161,129.6658,-46.86,96,100,1.36,RU,2023-01-19 06:45:46
536,Mackenzie,55.2999,-123.1698,28.62,86,100,6.91,CA,2023-01-19 06:45:48
537,Flin Flon,54.7682,-101.865,0.03,100,100,4.83,CA,2023-01-19 06:43:19
538,Ternate,0.8,127.4,82.81,76,100,11.39,ID,2023-01-19 06:45:51
539,Trinidad,-14.8333,-64.9,70.21,99,100,1.86,BO,2023-01-19 06:45:52
540,Garowe,8.4054,48.4845,78.08,34,19,17.38,SO,2023-01-19 06:45:54
541,Venice,27.0998,-82.4543,64.98,92,0,6.91,US,2023-01-19 06:45:56
542,Acapulco,16.8634,-99.8901,73.22,78,20,3.44,MX,2023-01-19 06:45:58
543,Cayeli,41.0923,40.7292,60.17,52,0,1.9,TR,2023-01-19 06:46:00
544,Aizawl,23.7333,92.7167,64.2,49,0,3.44,IN,2023-01-19 06:46:02
545,Tabuk,17.4189,121.4443,73.06,89,97,6.35,PH,2023-01-19 06:46:03
546,Znamenskoye,57.1281,73.8282,16.09,94,87,6.38,RU,2023-01-19 06:46:05
547,Mercedes,-34.6515,-59.4307,75.94,76,0,5.88,AR,2023-01-19 06:46:07
548,Soavinandriana,-19.1667,46.7333,69.39,66,100,15.32,MG,2023-01-19 06:47:09
549,Sosnovo-Ozerskoye,52.5249,111.5418,-16.11,81,90,12.68,RU,2023-01-19 06:47:10
550,Denpasar,-8.65,115.2167,89.26,70,20,13.8,ID,2023-01-19 06:47:11
551,Husavik,66.0449,-17.3389,23.09,82,100,6.62,IS,2023-01-19 06:47:14
552,Naze,28.3667,129.4833,58.12,63,97,10.02,JP,2023-01-19 06:47:16
553,Poum,-20.2333,164.0167,80.24,71,11,15.79,NC,2023-01-19 06:47:17
554,Topolobampo,25.6,-109.05,57.09,73,15,12.75,MX,2023-01-19 06:45:21
555,Sairang,23.8,92.6667,73.99,49,0,3.44,IN,2023-01-19 06:47:24
556,Ourem,39.6417,-8.5919,38.46,80,64,2.37,PT,2023-01-19 06:47:25
557,Kamaishi,39.2667,141.8833,36.28,60,15,5.7,JP,2023-01-19 06:47:27
558,Kalmunai,7.4167,81.8167,78.93,65,66,13.78,LK,2023-01-19 06:47:29
559,Eravur,7.7733,81.6095,79.38,60,82,13.58,LK,2023-01-19 06:47:30
560,Meadow Lake,34.8014,-106.5436,33.4,62,1,4.14,US,2023-01-19 06:47:32
561,Rio Grande,-32.035,-52.0986,73.69,66,100,11.79,BR,2023-01-19 06:47:34
562,Mariental,-24.6333,17.9667,83.48,39,19,9.35,NA,2023-01-19 06:47:35
563,Andros Town,24.7,-77.7667,69.76,63,89,12.28,BS,2023-01-19 06:47:36
564,Haines Junction,60.7522,-137.5108,4.82,100,100,0.22,CA,2023-01-19 06:47:40
565,Hambantota,6.1241,81.1185,86.34,54,40,17.27,LK,2023-01-19 06:43:03
566,Aborlan,9.4352,118.5492,86.07,79,98,12.66,PH,2023-01-19 06:47:43
567,Kidal,18.4411,1.4078,63.63,16,4,5.59,ML,2023-01-19 06:47:44
568,Staraya Mayna,54.6,48.95,6.91,91,84,11.43,RU,2023-01-19 06:47:46
569,Tautira,-17.7333,-149.15,80.78,77,15,19.73,PF,2023-01-19 06:47:48
570,Yerbogachen,61.2767,108.0108,-36.74,97,100,2.66,RU,2023-01-19 06:47:49
571,Llandrindod Wells,52.2416,-3.3787,32.94,94,100,4.36,GB,2023-01-19 06:47:53
572,Bairiki,1.3292,172.9752,82.4,78,75,14.97,KI,2023-01-19 06:47:54
